
--INSERT INTO public.client (id, name, second_name, email, phone, card)
--VALUES (3, 'Маргарита', '500', 'Пицца перони', 'false','api/image/1')
--ON CONFLICT (id) DO NOTHING;


INSERT INTO public.material (id, title, count, count_of_spent, price)
VALUES
    (1001, 'Материал 1', 100, 0, 50),
    (1002, 'Материал 2', 200, 0, 75),
    (1003, 'Материал 3', 150, 0, 60),
    (1004, 'Материал 4', 120, 0, 40),
    (1005, 'Материал 5', 80, 0, 30),
    (1006, 'Материал 6', 300, 0, 90),
    (1007, 'Материал 7', 250, 0, 100),
    (1008, 'Материал 8', 50, 0, 20),
    (1009, 'Материал 9', 180, 0, 55),
    (1010, 'Материал 10', 400, 0, 150)
ON CONFLICT (id) DO NOTHING;

INSERT INTO public.provider (id, "name", material_id, contact_info) VALUES
(1, 'Поставщик 1', 1001, 'Контактная информация 1'),
(2, 'Поставщик 2', 1002, 'Контактная информация 2'),
(3, 'Поставщик 3', 1003, 'Контактная информация 3'),
(4, 'Поставщик 4', 1004, 'Контактная информация 4'),
(5, 'Поставщик 5', 1005, 'Контактная информация 5'),
(6, 'Поставщик 6', 1006, 'Контактная информация 6'),
(7, 'Поставщик 7', 1007, 'Контактная информация 7'),
(8, 'Поставщик 8', 1008, 'Контактная информация 8'),
(9, 'Поставщик 9', 1009, 'Контактная информация 9'),
(10, 'Поставщик 10', 1010, 'Контактная информация 10')
ON CONFLICT (id) DO NOTHING;



INSERT INTO public.product (id, title, materials, price)
VALUES
    (1001, 'Стол из дуба', ARRAY[1001, 1002, 1003], 15000),
    (1002, 'Шкаф-купе', ARRAY[1004, 1005, 1006], 25000),
    (1003, 'Кровать двуспальная', ARRAY[1007, 1008, 1009], 20000),
    (1004, 'Стул офисный', ARRAY[1010, 1001], 5000),
    (1005, 'Письменный стол', ARRAY[1002, 1003, 1004], 12000),
    (1006, 'Кухонный гарнитур', ARRAY[1005, 1006, 1007], 45000),
    (1007, 'Диван угловой', ARRAY[1008, 1009, 1010], 30000),
    (1008, 'Кресло мягкое', ARRAY[1001, 1002], 10000),
    (1009, 'Полка настенная', ARRAY[1003], 3000),
    (1010, 'Тумба прикроватная', ARRAY[1004, 1005], 7000)
ON CONFLICT (id) DO NOTHING;


insert into "public".materials_turnover (id, material_id, count)
values
    (1001, 1002, 50),
    (1002, 1004, 100)
ON CONFLICT (id) DO NOTHING;
